Epoch,Batch_Size,Loss,Accuracy,Val_Loss,Val_Accuracy,f1_score,Val_f1_score
1,32,48.325096130371094,0.042944785207509995,0.0011222362518310547,3.6192522048950195,0.04621401056647301,0.0
2,32,3.622364044189453,0.04415449872612953,0.0,3.6190803050994873,0.04621401056647301,0.0
3,32,3.6223034858703613,0.04415449872612953,0.0,3.6195268630981445,0.04621401056647301,0.0
4,32,3.622758150100708,0.04415449872612953,0.0,3.6195788383483887,0.04621401056647301,0.0
5,32,3.624253511428833,0.04415449872612953,0.0,3.6197712421417236,0.04621401056647301,0.0
