Epoch,Batch_Size,Loss,Accuracy,Val_Loss,Val_Accuracy,f1_score,Val_f1_score
1,128,3.6535444259643555,0.037933122366666794,0.0,3.621751070022583,0.039459653198719025,0.0
2,64,3.6286251544952393,0.042771968990564346,0.0,3.637549638748169,0.04621401056647301,0.0
