Epoch,Batch_Size,Loss,Accuracy,Val_Loss,Val_Accuracy,f1_score,Val_f1_score
1,512,3.6875698566436768,0.03413116931915283,0.0,3.623075485229492,0.04621401056647301,0.0
2,512,3.626772403717041,0.04017972946166992,0.0,3.619621992111206,0.04621401056647301,0.0
3,512,3.622819423675537,0.04458653926849365,0.0,3.6168088912963867,0.046569500118494034,0.0
4,512,3.6185717582702637,0.04354964196681976,0.0,3.6196892261505127,0.04514753073453903,0.0
5,512,3.6184399127960205,0.04156225919723511,0.0,3.6176371574401855,0.04621401056647301,0.0
