Epoch,Loss,Accuracy,Val_Loss,Val_Accuracy,f1_score,Val_f1_score
25,3.6190025806427,0.04415449872612953,0.0,3.6185901165008545,0.04621401056647301,0.0
50,3.6187403202056885,0.04415449872612953,0.0,3.618598461151123,0.04621401056647301,0.0
75,3.6189379692077637,0.04415449872612953,0.0,3.6186137199401855,0.04621401056647301,0.0
