Epoch,Batch_Size,Loss,Accuracy,Val_Loss,Val_Accuracy,f1_score,Val_f1_score
1,32,12.897729873657227,0.04035254567861557,0.0003537946904543787,3.623725652694702,0.035549238324165344,0.0
2,32,3.6244776248931885,0.04182148352265358,0.0,3.6209867000579834,0.036971207708120346,0.0
3,32,3.623197078704834,0.04303119331598282,0.0,3.621032238006592,0.04621401056647301,0.0
4,32,3.6230552196502686,0.04320400953292847,0.0,3.6197850704193115,0.04621401056647301,0.0
5,32,3.623178482055664,0.04415449872612953,0.0,3.6193196773529053,0.04621401056647301,0.0
